Mã trường,Tên trường,Link
KHA,Đại Học Kinh Tế Quốc Dân,https://diemthi.tuyensinh247.com/diem-chuan/dai-hoc-kinh-te-quoc-dan-KHA.html
BKA,Đại Học Bách Khoa Hà Nội,https://diemthi.tuyensinh247.com/diem-chuan/dai-hoc-bach-khoa-ha-noi-BKA.html
HTC,Học Viện Tài chính,https://diemthi.tuyensinh247.com/diem-chuan/hoc-vien-tai-chinh-HTC.html
NHH,Học Viện Ngân Hàng,https://diemthi.tuyensinh247.com/diem-chuan/hoc-vien-ngan-hang-NHH.html
NTH,Trường Đại học Ngoại thương,https://diemthi.tuyensinh247.com/diem-chuan/dai-hoc-ngoai-thuong-co-so-phia-bac-NTH.html
QSB,Trường Đại Học Bách Khoa HCM,https://diemthi.tuyensinh247.com/diem-chuan/dai-hoc-bach-khoa-hcm-QSB.html
YHB,Trường Đại Học Y Hà Nội,https://diemthi.tuyensinh247.com/diem-chuan/dai-hoc-y-ha-noi-YHB.html
BVH,Học Viện Công Nghệ Bưu Chính Viễn Thông,https://diemthi.tuyensinh247.com/diem-chuan/hoc-vien-cong-nghe-buu-chinh-vien-thong-phia-bac-BVH.html
SPH,Trường Đại Học Sư Phạm Hà Nội,https://diemthi.tuyensinh247.com/diem-chuan/dai-hoc-su-pham-ha-noi-SPH.html
TMU,Trường Đại Học Thương Mại,https://diemthi.tuyensinh247.com/diem-chuan/dai-hoc-thuong-mai-TMU.html
SPS,Trường Đại Học Sư Phạm TPHCM,https://diemthi.tuyensinh247.com/diem-chuan/dai-hoc-su-pham-tphcm-SPS.html
YDS,Đại Học Y Dược TPHCM,https://diemthi.tuyensinh247.com/diem-chuan/dai-hoc-y-duoc-tphcm-YDS.html
QHI,Trường Đại Học Công Nghệ – Đại Học Quốc Gia Hà Nội,https://diemthi.tuyensinh247.com/diem-chuan/dai-hoc-cong-nghe-dai-hoc-quoc-gia-ha-noi-QHI.html
HNM,Trường Đại học Thủ Đô Hà Nội,https://diemthi.tuyensinh247.com/diem-chuan/dai-hoc-thu-do-ha-noi-HNM.html
GHA,Trường Đại Học Giao Thông Vận Tải,https://diemthi.tuyensinh247.com/diem-chuan/dai-hoc-giao-thong-van-tai-co-so-phia-bac-GHA.html
YTB,Trường Đại Học Y Dược Thái Bình,https://diemthi.tuyensinh247.com/diem-chuan/dai-hoc-y-duoc-thai-binh-YTB.html
KMA,Học Viện Kỹ Thuật Mật Mã,https://diemthi.tuyensinh247.com/diem-chuan/hoc-vien-ky-thuat-mat-ma-KMA.html
DCN,Đại Học Công Nghiệp Hà Nội,https://diemthi.tuyensinh247.com/diem-chuan/dai-hoc-cong-nghiep-ha-noi-DCN.html
YPB,Trường Đại Học Y Dược Hải Phòng,https://diemthi.tuyensinh247.com/diem-chuan/dai-hoc-y-duoc-hai-phong-YPB.html
IUH,Trường Đại Học Công Nghiệp TPHCM,https://diemthi.tuyensinh247.com/diem-chuan/dai-hoc-cong-nghiep-tphcm-IUH.html
HPN,Học Viện Phụ Nữ Việt Nam,https://diemthi.tuyensinh247.com/diem-chuan/hoc-vien-phu-nu-viet-nam-HPN.html
DKH,Trường Đại Học Dược Hà Nội,https://diemthi.tuyensinh247.com/diem-chuan/dai-hoc-duoc-ha-noi-DKH.html
ANH,Học Viện An Ninh Nhân Dân,https://diemthi.tuyensinh247.com/diem-chuan/hoc-vien-an-ninh-nhan-dan-ANH.html
DKY,Trường Đại Học Kỹ Thuật Y Tế Hải Dương,https://diemthi.tuyensinh247.com/diem-chuan/dai-hoc-ky-thuat-y-te-hai-duong-DKY.html
GTS,Trường Đại Học Giao Thông Vận Tải TPHCM,https://diemthi.tuyensinh247.com/diem-chuan/dai-hoc-giao-thong-van-tai-tphcm-GTS.html
HYD,Học Viện Y Dược Học Cổ Truyền Việt Nam,https://diemthi.tuyensinh247.com/diem-chuan/hoc-vien-y-duoc-hoc-co-truyen-viet-nam-HYD.html
CSH,Học Viện Cảnh Sát Nhân Dân,https://diemthi.tuyensinh247.com/diem-chuan/hoc-vien-canh-sat-nhan-dan-CSH.html
DKK,Trường Đại Học Kinh Tế Kỹ Thuật Công Nghiệp,https://diemthi.tuyensinh247.com/diem-chuan/dai-hoc-kinh-te-ky-thuat-cong-nghiep-DKK.html
DCT,Trường Đại Học Công Thương TPHCM,https://diemthi.tuyensinh247.com/diem-chuan/dai-hoc-cong-thuong-tphcm-DCT.html
LAH,Trường Sĩ Quan Lục Quân 1  Đại học Trần Quốc Tuấn,https://diemthi.tuyensinh247.com/diem-chuan/truong-si-quan-luc-quan-1-dai-hoc-tran-quoc-tuan-LAH.html
HQH,Học Viện Hải Quân,https://diemthi.tuyensinh247.com/diem-chuan/hoc-vien-hai-quan-HQH.html
HHK,Học Viện Hàng không Việt Nam,https://diemthi.tuyensinh247.com/diem-chuan/hoc-vien-hang-khong-viet-nam-HHK.html
PKA,Đại Học Phenikaa,https://diemthi.tuyensinh247.com/diem-chuan/dai-hoc-phenikaa-PKA.html
PKH,Học Viện Phòng Không – Không Quân,https://diemthi.tuyensinh247.com/diem-chuan/hoc-vien-phong-khong-khong-quan-PKH.html
CSS,Trường Đại Học Cảnh Sát Nhân Dân,https://diemthi.tuyensinh247.com/diem-chuan/dai-hoc-canh-sat-nhan-dan-CSS.html
TTH,Trường Sĩ Quan Thông Tin  Hệ Quân sự  Đại Học Thông Tin Liên Lạc,https://diemthi.tuyensinh247.com/diem-chuan/truong-si-quan-thong-tin-he-quan-su-dai-hoc-thong-tin-lien-lac-TTH.html
NHF,Trường Đại Học Hà Nội,https://diemthi.tuyensinh247.com/diem-chuan/dai-hoc-ha-noi-NHF.html
KQH,Học Viện Kỹ Thuật Quân Sự  Hệ Quân sự,https://diemthi.tuyensinh247.com/diem-chuan/hoc-vien-ky-thuat-quan-su-he-quan-su-KQH.html
YTC,Trường Đại Học Y Tế Công Cộng,https://diemthi.tuyensinh247.com/diem-chuan/dai-hoc-y-te-cong-cong-YTC.html
HQT,Học Viện Ngoại Giao,https://diemthi.tuyensinh247.com/diem-chuan/hoc-vien-ngoai-giao-HQT.html
ANS,Trường Đại Học An Ninh Nhân Dân,https://diemthi.tuyensinh247.com/diem-chuan/dai-hoc-an-ninh-nhan-dan-ANS.html
YCT,Trường Đại Học Y Dược Cần Thơ,https://diemthi.tuyensinh247.com/diem-chuan/dai-hoc-y-duoc-can-tho-YCT.html
TDM,Trường Đại học Thủ Dầu Một,https://diemthi.tuyensinh247.com/diem-chuan/dai-hoc-thu-dau-mot-TDM.html
TYS,Trường Đại Học Y Khoa Phạm Ngọc Thạch,https://diemthi.tuyensinh247.com/diem-chuan/dai-hoc-y-khoa-pham-ngoc-thach-TYS.html
DTL,Trường Đại Học Thăng Long,https://diemthi.tuyensinh247.com/diem-chuan/dai-hoc-thang-long-DTL.html
TLA,Trường Đại Học Thủy Lợi,https://diemthi.tuyensinh247.com/diem-chuan/dai-hoc-thuy-loi-co-so-1-TLA.html
QST,Trường Đại Học Khoa Học Tự Nhiên TPHCM,https://diemthi.tuyensinh247.com/diem-chuan/dai-hoc-khoa-hoc-tu-nhien-tphcm-QST.html
VHH,Trường Đại Học Văn Hóa Hà Nội,https://diemthi.tuyensinh247.com/diem-chuan/dai-hoc-van-hoa-ha-noi-VHH.html
DTT,Trường Đại Học Tôn Đức Thắng,https://diemthi.tuyensinh247.com/diem-chuan/dai-hoc-ton-duc-thang-DTT.html
HVN,Học Viện Nông Nghiệp Việt Nam,https://diemthi.tuyensinh247.com/diem-chuan/hoc-vien-nong-nghiep-viet-nam-HVN.html
QHX,Trường Đại Học Khoa Học Xã Hội và Nhân Văn Hà Nội,https://diemthi.tuyensinh247.com/diem-chuan/dai-hoc-khoa-hoc-xa-hoi-va-nhan-van-ha-noi-QHX.html
LPH,Trường Đại Học Luật Hà Nội,https://diemthi.tuyensinh247.com/diem-chuan/dai-hoc-luat-ha-noi-LPH.html
QHF,Trường Đại Học Ngoại Ngữ  ĐH Quốc gia Hà Nội,https://diemthi.tuyensinh247.com/diem-chuan/dai-hoc-ngoai-ngu-ha-noi-QHF.html
HBT,Học viện Báo chí và Tuyên truyền,https://diemthi.tuyensinh247.com/diem-chuan/hoc-vien-bao-chi-va-tuyen-truyen-HBT.html
QHT,Trường Đại Học Khoa Học Tự Nhiên Hà Nội,https://diemthi.tuyensinh247.com/diem-chuan/dai-hoc-khoa-hoc-tu-nhien-dai-hoc-quoc-gia-ha-noi-QHT.html
QHE,Trường Đại Học Kinh Tế  ĐHQG Hà Nội,https://diemthi.tuyensinh247.com/diem-chuan/dai-hoc-kinh-te-ha-noi-QHE.html
QSX,Trường Đại Học Khoa Học Xã Hội và Nhân Văn TPHCM,https://diemthi.tuyensinh247.com/diem-chuan/dai-hoc-khoa-hoc-xa-hoi-va-nhan-van-tphcm-QSX.html
DTS,Đại Học Sư Phạm Thái Nguyên,https://diemthi.tuyensinh247.com/diem-chuan/dai-hoc-su-pham-thai-nguyen-DTS.html
LCH,Trường Sĩ Quan Chính Trị  Đại Học Chính Trị,https://diemthi.tuyensinh247.com/diem-chuan/truong-si-quan-chinh-tri-dai-hoc-chinh-tri-LCH.html
TCT,Đại Học Cần Thơ,https://diemthi.tuyensinh247.com/diem-chuan/dai-hoc-can-tho-TCT.html
DKS,Trường Đại học Kiểm Sát,https://diemthi.tuyensinh247.com/diem-chuan/dai-hoc-kiem-sat-DKS.html
BPH,Học Viện Biên Phòng,https://diemthi.tuyensinh247.com/diem-chuan/hoc-vien-bien-phong-BPH.html
QHL,Trường Đại học Luật – ĐHQG Hà Nội,https://diemthi.tuyensinh247.com/diem-chuan/dai-hoc-luat-dai-hoc-quoc-gia-ha-noi-QHL.html
DHS,Trường Đại Học Sư Phạm Huế,https://diemthi.tuyensinh247.com/diem-chuan/dai-hoc-su-pham-hue-DHS.html
QSC,Trường Đại Học Công Nghệ Thông Tin  ĐHQG TPHCM,https://diemthi.tuyensinh247.com/diem-chuan/dai-hoc-cong-nghe-thong-tin-dhqg-tphcm-QSC.html
SGD,Trường Đại Học Sài Gòn,https://diemthi.tuyensinh247.com/diem-chuan/dai-hoc-sai-gon-SGD.html
NQH,Học Viện Khoa Học Quân Sự  Hệ Quân sự,https://diemthi.tuyensinh247.com/diem-chuan/hoc-vien-khoa-hoc-quan-su-he-quan-su-NQH.html
NTS,Trường Đại học Ngoại thương (Cơ sở II),https://diemthi.tuyensinh247.com/diem-chuan/dai-hoc-ngoai-thuong-co-so-phia-nam-NTS.html
HTA,Học viện Tòa án,https://diemthi.tuyensinh247.com/diem-chuan/hoc-vien-toa-an-HTA.html
DDS,Trường Đại Học Sư Phạm  Đại Học Đà Nẵng,https://diemthi.tuyensinh247.com/diem-chuan/dai-hoc-su-pham-dai-hoc-da-nang-DDS.html
SP2,Trường Đại Học Sư Phạm Hà Nội 2,https://diemthi.tuyensinh247.com/diem-chuan/dai-hoc-su-pham-ha-noi-2-SP2.html
QHS,Trường Đại Học Giáo Dục  ĐHQG Hà Nội,https://diemthi.tuyensinh247.com/diem-chuan/dai-hoc-giao-duc-ha-noi-QHS.html
VHS,Trường Đại Học Văn Hóa TPHCM,https://diemthi.tuyensinh247.com/diem-chuan/dai-hoc-van-hoa-tphcm-VHS.html
SPK,Trường Đại Học Sư Phạm Kỹ Thuật TPHCM,https://diemthi.tuyensinh247.com/diem-chuan/dai-hoc-su-pham-ky-thuat-tphcm-SPK.html
HTN,Học Viện Thanh Thiếu Niên Việt Nam,https://diemthi.tuyensinh247.com/diem-chuan/hoc-vien-thanh-thieu-nien-viet-nam-HTN.html
YQH,Học Viện Quân Y  Hệ Quân sự,https://diemthi.tuyensinh247.com/diem-chuan/hoc-vien-quan-y-he-quan-su-YQH.html
QSK,Trường Đại học Kinh Tế Luật TPHCM,https://diemthi.tuyensinh247.com/diem-chuan/dai-hoc-kinh-te-luat-tphcm-QSK.html
HEH,Học Viện Hậu Cần  Hệ Quân sự,https://diemthi.tuyensinh247.com/diem-chuan/hoc-vien-hau-can-he-quan-su-HEH.html
LPS,Trường Đại Học Luật TPHCM,https://diemthi.tuyensinh247.com/diem-chuan/dai-hoc-luat-tphcm-LPS.html
DDF,Trường Đại Học Ngoại Ngữ Đà Nẵng,https://diemthi.tuyensinh247.com/diem-chuan/dai-hoc-ngoai-ngu-da-nang-DDF.html
KSA,Đại Học Kinh Tế TPHCM,https://diemthi.tuyensinh247.com/diem-chuan/dai-hoc-kinh-te-tphcm-KSA.html
QHY,Trường Đại học Y Dược  ĐHQG Hà Nội,https://diemthi.tuyensinh247.com/diem-chuan/dai-hoc-y-duoc-dai-hoc-quoc-gia-ha-noi-QHY.html
DDK,Trường Đại Học Bách Khoa Đà Nẵng,https://diemthi.tuyensinh247.com/diem-chuan/dai-hoc-bach-khoa-da-nang-DDK.html
DHF,Trường Đại Học Ngoại Ngữ Huế,https://diemthi.tuyensinh247.com/diem-chuan/dai-hoc-ngoai-ngu-hue-DHF.html
DMS,Trường Đại Học Tài Chính Marketing,https://diemthi.tuyensinh247.com/diem-chuan/dai-hoc-tai-chinh-marketing-DMS.html
GSA,Trường Đại Học Giao Thông Vận Tải (Cơ sở 2),https://diemthi.tuyensinh247.com/diem-chuan/dai-hoc-giao-thong-van-tai-co-so-phia-nam-GSA.html
TSN,Trường Đại Học Nha Trang,https://diemthi.tuyensinh247.com/diem-chuan/dai-hoc-nha-trang-TSN.html
LBH,Trường Sĩ Quan Lục Quân 2  Đại học Nguyễn Huệ,https://diemthi.tuyensinh247.com/diem-chuan/truong-si-quan-luc-quan-2-dai-hoc-nguyen-hue-LBH.html
BVS,Học Viện Công Nghệ Bưu Chính Viễn Thông (Cơ sở TP.HCM),https://diemthi.tuyensinh247.com/diem-chuan/hoc-vien-cong-nghe-buu-chinh-vien-thong-phia-nam-BVS.html
YKV,Trường Đại Học Y Khoa Vinh,https://diemthi.tuyensinh247.com/diem-chuan/dai-hoc-y-khoa-vinh-YKV.html
YDN,Trường Đại học Kỹ thuật Y Dược Đà Nẵng,https://diemthi.tuyensinh247.com/diem-chuan/dai-hoc-ky-thuat-y-duoc-da-nang-YDN.html
DTY,Trường Đại Học Y Dược Thái Nguyên,https://diemthi.tuyensinh247.com/diem-chuan/dai-hoc-y-duoc-thai-nguyen-DTY.html
DHY,Trường Đại Học Y Dược Huế,https://diemthi.tuyensinh247.com/diem-chuan/dai-hoc-y-duoc-hue-DHY.html
DDY,Trường Y Dược Đà Nẵng,https://diemthi.tuyensinh247.com/diem-chuan/truong-y-duoc-da-nang-DDY.html
KTS,Trường Đại Học Kiến Trúc TPHCM,https://diemthi.tuyensinh247.com/diem-chuan/dai-hoc-kien-truc-tphcm-KTS.html
HCA,Học Viện Chính Trị Công An Nhân Dân,https://diemthi.tuyensinh247.com/diem-chuan/hoc-vien-chinh-tri-cong-an-nhan-dan-HCA.html
QSY,Trường Đại học Khoa học sức khỏe TPHCM,https://diemthi.tuyensinh247.com/diem-chuan/dai-hoc-khoa-hoc-suc-khoe-tphcm-QSY.html
QSQ,Trường Đại Học Quốc Tế  ĐHQG TPHCM,https://diemthi.tuyensinh247.com/diem-chuan/dai-hoc-quoc-te-dhqg-tphcm-QSQ.html
THV,Trường Đại Học Hùng Vương,https://diemthi.tuyensinh247.com/diem-chuan/dai-hoc-hung-vuong-THV.html
THP,Trường Đại Học Hải Phòng,https://diemthi.tuyensinh247.com/diem-chuan/dai-hoc-hai-phong-THP.html
HCP,Học Viện Chính Sách và Phát Triển,https://diemthi.tuyensinh247.com/diem-chuan/hoc-vien-chinh-sach-va-phat-trien-HCP.html
MHN,Trường Đại Học Mở Hà Nội,https://diemthi.tuyensinh247.com/diem-chuan/dai-hoc-mo-ha-noi-MHN.html
LDA,Trường Đại Học Công Đoàn,https://diemthi.tuyensinh247.com/diem-chuan/dai-hoc-cong-doan-LDA.html
HHA,Trường Đại Học Hàng Hải Việt Nam,https://diemthi.tuyensinh247.com/diem-chuan/-HHA.html
KTA,Trường Đại Học Kiến Trúc Hà Nội,https://diemthi.tuyensinh247.com/diem-chuan/dai-hoc-kien-truc-ha-noi-KTA.html
TDV,Trường Đại Học Vinh,https://diemthi.tuyensinh247.com/diem-chuan/dai-hoc-vinh-TDV.html
QSA,Trường Đại Học An Giang,https://diemthi.tuyensinh247.com/diem-chuan/dai-hoc-an-giang-QSA.html
HCH,Học Viện Hành Chính và Quản trị công,https://diemthi.tuyensinh247.com/diem-chuan/hoc-vien-hanh-chinh-va-quan-tri-cong-HCH.html
SPD,Trường Đại Học Đồng Tháp,https://diemthi.tuyensinh247.com/diem-chuan/dai-hoc-dong-thap-SPD.html
QHK,Trường Khoa học liên ngành và Nghệ thuật Hà Nội,https://diemthi.tuyensinh247.com/diem-chuan/truong-khoa-hoc-lien-nganh-va-nghe-thuat-ha-noi-QHK.html
TTN,Trường Đại Học Tây Nguyên,https://diemthi.tuyensinh247.com/diem-chuan/dai-hoc-tay-nguyen-TTN.html
DQN,Trường Đại Học Quy Nhơn,https://diemthi.tuyensinh247.com/diem-chuan/dai-hoc-quy-nhon-DQN.html
DHC,Khoa Giáo Dục Thể Chất Huế,https://diemthi.tuyensinh247.com/diem-chuan/khoa-giao-duc-the-chat-hue-DHC.html
GNT,Trường Đại Học Sư Phạm Nghệ Thuật Trung Ương,https://diemthi.tuyensinh247.com/diem-chuan/dai-hoc-su-pham-nghe-thuat-trung-uong-GNT.html
DDQ,Trường Đại Học Kinh Tế – Đại Học Đà Nẵng,https://diemthi.tuyensinh247.com/diem-chuan/dai-hoc-kinh-te-dai-hoc-da-nang-DDQ.html
DTF,Trường Ngoại Ngữ Thái Nguyên,https://diemthi.tuyensinh247.com/diem-chuan/truong-ngoai-ngu-thai-nguyen-DTF.html
HLU,Trường Đại Học Hạ Long,https://diemthi.tuyensinh247.com/diem-chuan/dai-hoc-ha-long-HLU.html
DKT,Trường Đại Học Hải Dương,https://diemthi.tuyensinh247.com/diem-chuan/dai-hoc-hai-duong-DKT.html
DQB,Trường Đại Học Quảng Bình,https://diemthi.tuyensinh247.com/diem-chuan/dai-hoc-quang-binh-DQB.html
DPQ,Trường Đại Học Phạm Văn Đồng,https://diemthi.tuyensinh247.com/diem-chuan/dai-hoc-pham-van-dong-DPQ.html
HHT,Trường Đại Học Hà Tĩnh,https://diemthi.tuyensinh247.com/diem-chuan/dai-hoc-ha-tinh-HHT.html
DMT,Trường Đại học Tài Nguyên và Môi Trường Hà Nội,https://diemthi.tuyensinh247.com/diem-chuan/dai-hoc-tai-nguyen-va-moi-truong-ha-noi-DMT.html
HCS,Học Viện Hành Chính Và Quản Trị Công (phía Nam),https://diemthi.tuyensinh247.com/diem-chuan/hoc-vien-hanh-chinh-va-quan-tri-cong-phia-nam-HCS.html
NHS,Trường Đại Học Ngân Hàng TPHCM,https://diemthi.tuyensinh247.com/diem-chuan/dai-hoc-ngan-hang-tphcm-NHS.html
DLX,Trường Đại Học Lao Động – Xã Hội,https://diemthi.tuyensinh247.com/diem-chuan/dai-hoc-lao-dong-xa-hoi-co-so-ha-noi-DLX.html
DBL,Trường Đại Học Bạc Liêu,https://diemthi.tuyensinh247.com/diem-chuan/dai-hoc-bac-lieu-DBL.html
DQU,Trường Đại Học Quảng Nam,https://diemthi.tuyensinh247.com/diem-chuan/dai-hoc-quang-nam-DQU.html
DLS,Trường Đại Học Lao Động – Xã Hội (Cơ sở II),https://diemthi.tuyensinh247.com/diem-chuan/dai-hoc-lao-dong-xa-hoi-co-so-phia-nam-DLS.html
DPY,Trường Đại Học Phú Yên,https://diemthi.tuyensinh247.com/diem-chuan/dai-hoc-phu-yen-DPY.html
DDP,Phân Hiệu Đại Học Đà Nẵng tại Kon Tum,https://diemthi.tuyensinh247.com/diem-chuan/phan-hieu-dai-hoc-da-nang-tai-kon-tum-DDP.html
TDH,Trường Đại Học Sư Phạm Thể Dục Thể Thao Hà Nội,https://diemthi.tuyensinh247.com/diem-chuan/dai-hoc-su-pham-the-duc-the-thao-ha-noi-TDH.html
KCC,Trường Đại học Kỹ Thuật Công Nghệ Cần Thơ,https://diemthi.tuyensinh247.com/diem-chuan/dai-hoc-ky-thuat-cong-nghe-can-tho-KCC.html
QHQ,Trường Quốc Tế   ĐHQG Hà Nội,https://diemthi.tuyensinh247.com/diem-chuan/truong-quoc-te-dai-hoc-quoc-gia-ha-noi-QHQ.html
KCN,Trường Đại Học Khoa Học Và Công Nghệ Hà Nội,https://diemthi.tuyensinh247.com/diem-chuan/dai-hoc-khoa-hoc-va-cong-nghe-ha-noi-KCN.html
DCV,Trường Đại học Công nghiệp Vinh,https://diemthi.tuyensinh247.com/diem-chuan/dai-hoc-cong-nghiep-vinh-DCV.html
DVT,Trường Đại Học Trà Vinh,https://diemthi.tuyensinh247.com/diem-chuan/dai-hoc-tra-vinh-DVT.html
NLS,Trường Đại Học Nông Lâm TPHCM,https://diemthi.tuyensinh247.com/diem-chuan/dai-hoc-nong-lam-tphcm-NLS.html
HVC,Học viện cán bộ TPHCM,https://diemthi.tuyensinh247.com/diem-chuan/hoc-vien-can-bo-tphcm-HVC.html
XDA,Trường Đại Học Xây Dựng Hà Nội,https://diemthi.tuyensinh247.com/diem-chuan/dai-hoc-xay-dung-ha-noi-XDA.html
SKH,Trường Đại Học Sư Phạm Kỹ Thuật Hưng Yên,https://diemthi.tuyensinh247.com/diem-chuan/dai-hoc-su-pham-ky-thuat-hung-yen-SKH.html
MBS,Trường Đại Học Mở TPHCM,https://diemthi.tuyensinh247.com/diem-chuan/dai-hoc-mo-tphcm-MBS.html
FBU,Trường Đại Học Tài Chính Ngân Hàng Hà Nội,https://diemthi.tuyensinh247.com/diem-chuan/dai-hoc-tai-chinh-ngan-hang-ha-noi-FBU.html
GTA,Trường Đại học Công nghệ Giao thông vận tải,https://diemthi.tuyensinh247.com/diem-chuan/dai-hoc-cong-nghe-giao-thong-van-tai-GTA.html
MDA,Trường Đại Học Mỏ Địa Chất,https://diemthi.tuyensinh247.com/diem-chuan/dai-hoc-mo-dia-chat-MDA.html
DDL,Trường Đại Học Điện Lực,https://diemthi.tuyensinh247.com/diem-chuan/dai-hoc-dien-luc-DDL.html
TDS,Trường Đại Học Thể Dục Thể Thao TPHCM,https://diemthi.tuyensinh247.com/diem-chuan/dai-hoc-the-duc-the-thao-tphcm-TDS.html
DPD,Trường Đại Học Phương Đông,https://diemthi.tuyensinh247.com/diem-chuan/dai-hoc-phuong-dong-DPD.html
VLU,Trường Đại Học Sư Phạm Kỹ Thuật Vĩnh Long,https://diemthi.tuyensinh247.com/diem-chuan/dai-hoc-su-pham-ky-thuat-vinh-long-VLU.html
KTD,Trường Đại Học Kiến Trúc Đà Nẵng,https://diemthi.tuyensinh247.com/diem-chuan/dai-hoc-kien-truc-da-nang-KTD.html
DQK,Trường Đại Học Kinh Doanh và Công Nghệ Hà Nội,https://diemthi.tuyensinh247.com/diem-chuan/dai-hoc-kinh-doanh-va-cong-nghe-ha-noi-DQK.html
DTK,Trường Đại Học Kỹ Thuật Công Nghiệp Thái Nguyên,https://diemthi.tuyensinh247.com/diem-chuan/dai-hoc-ky-thuat-cong-nghiep-thai-nguyen-DTK.html
STS,Trường Đại Học Sư Phạm Thể Dục Thể Thao TPHCM,https://diemthi.tuyensinh247.com/diem-chuan/dai-hoc-su-pham-the-duc-the-thao-tphcm-STS.html
UKH,Trường Đại học Khánh Hòa,https://diemthi.tuyensinh247.com/diem-chuan/dai-hoc-khanh-hoa-UKH.html
DSK,Trường Đại học Sư phạm Kỹ thuật  Đại học Đà Nẵng,https://diemthi.tuyensinh247.com/diem-chuan/dai-hoc-su-pham-ky-thuat-dai-hoc-da-nang-DSK.html
NHB,Học Viện Ngân Hàng (Phân Viện Bắc Ninh),https://diemthi.tuyensinh247.com/diem-chuan/hoc-vien-ngan-hang-phan-vien-bac-ninh-NHB.html
DHI,Khoa Quốc tế  Đại học Huế,https://diemthi.tuyensinh247.com/diem-chuan/khoa-quoc-te-dai-hoc-hue-DHI.html
CMC,Trường Đại Học,https://diemthi.tuyensinh247.com/diem-chuan/dai-hoc-cmc-CMC.html
NTT,Trường Đại Học Nguyễn Tất Thành,https://diemthi.tuyensinh247.com/diem-chuan/dai-hoc-nguyen-tat-thanh-NTT.html
DHK,Trường Đại Học Kinh Tế  Đại Học Huế,https://diemthi.tuyensinh247.com/diem-chuan/dai-hoc-kinh-te-dai-hoc-hue-DHK.html
DHD,Trường Du Lịch  Đại Học Huế,https://diemthi.tuyensinh247.com/diem-chuan/truong-du-lich-dai-hoc-hue-DHD.html
KGH,Trường Sĩ Quan Không Quân  Hệ Đại học,https://diemthi.tuyensinh247.com/diem-chuan/truong-si-quan-khong-quan-he-dai-hoc-KGH.html
DTC,Trường Đại học Công Nghệ Thông Tin và Truyền Thông Thái Nguyên,https://diemthi.tuyensinh247.com/diem-chuan/dai-hoc-cong-nghe-thong-tin-va-truyen-thong-thai-nguyen-DTC.html
HGH,Trường Sĩ Quan Phòng Hóa,https://diemthi.tuyensinh247.com/diem-chuan/truong-si-quan-phong-hoa-HGH.html
TGH,Trường Sĩ Quan Tăng  Thiết Giáp,https://diemthi.tuyensinh247.com/diem-chuan/truong-siquan-tang-thiet-giap-TGH.html
HVQ,Học Viện Quản Lý Giáo Dục,https://diemthi.tuyensinh247.com/diem-chuan/hoc-vien-quan-ly-giao-duc-HVQ.html
DDT,Đại Học Duy Tân,https://diemthi.tuyensinh247.com/diem-chuan/dai-hoc-duy-tan-DDT.html
DNC,Trường Đại học Nam Cần Thơ,https://diemthi.tuyensinh247.com/diem-chuan/dai-hoc-nam-can-tho-DNC.html
HIU,Trường Đại Học Quốc Tế Hồng Bàng,https://diemthi.tuyensinh247.com/diem-chuan/dai-hoc-quoc-te-hong-bang-HIU.html
TTU,Trường Đại học Tân Tạo,https://diemthi.tuyensinh247.com/diem-chuan/dai-hoc-tan-tao-TTU.html
TTD,Trường Đại Học Thể Dục Thể Thao Đà Nẵng,https://diemthi.tuyensinh247.com/diem-chuan/dai-hoc-the-duc-the-thao-da-nang-TTD.html
DCL,Trường Đại Học Cửu Long,https://diemthi.tuyensinh247.com/diem-chuan/dai-hoc-cuu-long-DCL.html
DVL,Trường Đại Học Văn Lang,https://diemthi.tuyensinh247.com/diem-chuan/dai-hoc-van-lang-DVL.html
DPC,Trường Đại Học Phan Châu Trinh,https://diemthi.tuyensinh247.com/diem-chuan/dai-hoc-phan-chau-trinh-DPC.html
UKB,Trường Đại Học Kinh Bắc,https://diemthi.tuyensinh247.com/diem-chuan/dai-hoc-kinh-bac-UKB.html
ETU,Trường Đại Học Hòa Bình,https://diemthi.tuyensinh247.com/diem-chuan/dai-hoc-hoa-binh-ETU.html
DDN,Trường Đại Học Đại Nam,https://diemthi.tuyensinh247.com/diem-chuan/dai-hoc-dai-nam-DDN.html
VTT,Trường Đại Học Võ Trường Toản,https://diemthi.tuyensinh247.com/diem-chuan/dai-hoc-vo-truong-toan-VTT.html
DAD,Trường Đại Học Đông Á,https://diemthi.tuyensinh247.com/diem-chuan/dai-hoc-dong-a-DAD.html
SNH,Trường Sĩ Quan Công Binh  Hệ Quân sự  Đại học Ngô Quyền,https://diemthi.tuyensinh247.com/diem-chuan/truong-si-quan-cong-binh-he-quan-su-dai-hoc-ngo-quyen-SNH.html
DCH,Trường Sĩ Quan Đặc Công,https://diemthi.tuyensinh247.com/diem-chuan/truong-si-quan-dac-cong-DCH.html
HCB,Học viện Kỹ thuật và Công nghệ an ninh (Phía Bắc),https://diemthi.tuyensinh247.com/diem-chuan/hoc-vien-ky-thuat-cong-nghe-an-ninh-phia-bac-HCB.html
HCN,Học viện Kỹ thuật và Công nghệ an ninh (Phía Nam),https://diemthi.tuyensinh247.com/diem-chuan/hoc-vien-ky-thuat-va-cong-nghe-an-ninh-phia-nam-HCN.html
PBH,Trường Sĩ Quan Pháo Binh,https://diemthi.tuyensinh247.com/diem-chuan/truong-si-quan-phao-binh-PBH.html
KSV,Đại học Kinh Tế TPHCM  Phân hiệu Vĩnh Long,https://diemthi.tuyensinh247.com/diem-chuan/dai-hoc-kinh-te-tphcm-phan-hieu-vinh-long-KSV.html
QHD,Trường Quản Trị và Kinh Doanh  ĐHQG Hà Nội,https://diemthi.tuyensinh247.com/diem-chuan/truong-quan-tri-va-kinh-doanh-dh-quoc-gia-ha-noi-QHD.html
VGU,Trường Đại Học Việt Đức,https://diemthi.tuyensinh247.com/diem-chuan/dai-hoc-viet-duc-VGU.html
TLS,Trường Đại Học Thủy Lợi (Cơ sở 2),https://diemthi.tuyensinh247.com/diem-chuan/dai-hoc-thuy-loi-co-so-2-TLS.html
SDU,Trường Đại học Sao Đỏ,https://diemthi.tuyensinh247.com/diem-chuan/dai-hoc-sao-do-SDU.html
PCS,Trường Đại Học Phòng Cháy Chữa Cháy (phía Nam),https://diemthi.tuyensinh247.com/diem-chuan/dai-hoc-phong-chay-chua-chay-phia-nam-PCS.html
PCH,Trường Đại Học Phòng Cháy Chữa Cháy (Phía Bắc),https://diemthi.tuyensinh247.com/diem-chuan/dai-hoc-phong-chay-chua-chay-phia-bac-PCH.html
NLN,Phân hiệu Đại học Nông Lâm TPHCM tại Ninh Thuận,https://diemthi.tuyensinh247.com/diem-chuan/phan-hieu-dai-hoc-nong-lam-tphcm-tai-ninh-thuan-NLN.html
DTD,Trường Đại Học Tây Đô,https://diemthi.tuyensinh247.com/diem-chuan/dai-hoc-tay-do-DTD.html
DKC,Trường Đại học Công Nghệ TPHCM,https://diemthi.tuyensinh247.com/diem-chuan/dai-hoc-cong-nghe-tphcm-DKC.html
DDU,Trường Đại Học Đông Đô,https://diemthi.tuyensinh247.com/diem-chuan/dai-hoc-dong-do-DDU.html
DLH,Trường Đại Học Lạc Hồng,https://diemthi.tuyensinh247.com/diem-chuan/dai-hoc-lac-hong-DLH.html
DDB,Trường Đại Học Thành Đông,https://diemthi.tuyensinh247.com/diem-chuan/dai-hoc-thanh-dong-DDB.html
DHA,Trường Đại học Luật Huế,https://diemthi.tuyensinh247.com/diem-chuan/dai-hoc-luat-dai-hoc-hue-DHA.html
DYD,Trường Đại Học Yersin Đà Lạt,https://diemthi.tuyensinh247.com/diem-chuan/dai-hoc-yersin-da-lat-DYD.html
TDD,Trường Đại học Thành Đô,https://diemthi.tuyensinh247.com/diem-chuan/dai-hoc-thanh-do-TDD.html
DBD,Trường Đại Học Bình Dương,https://diemthi.tuyensinh247.com/diem-chuan/dai-hoc-binh-duong-DBD.html
DTV,Trường Đại Học Lương Thế Vinh,https://diemthi.tuyensinh247.com/diem-chuan/dai-hoc-luong-the-vinh-DTV.html
VJU,Trường Đại học Việt Nhật  ĐHQG Hà Nội,https://diemthi.tuyensinh247.com/diem-chuan/dai-hoc-viet-nhat-ha-noi-VJU.html
BVU,Trường Đại Học Bà Rịa – Vũng Tàu,https://diemthi.tuyensinh247.com/diem-chuan/dai-hoc-ba-ria-vung-tau-BVU.html
DHN,Trường Đại Học Nghệ Thuật Huế,https://diemthi.tuyensinh247.com/diem-chuan/dai-hoc-nghe-thuat-hue-DHN.html
MIT,Trường Đại học Công nghệ Miền Đông,https://diemthi.tuyensinh247.com/diem-chuan/dai-hoc-cong-nghe-mien-dong-MIT.html
FPT,Trường Đại Học,https://diemthi.tuyensinh247.com/diem-chuan/dai-hoc-fpt-FPT.html
DKB,Trường Đại Học Kinh Tế Kỹ Thuật Bình Dương,https://diemthi.tuyensinh247.com/diem-chuan/dai-hoc-kinh-te-ky-thuat-binh-duong-DKB.html
UEF,Trường Đại Học Kinh Tế Tài Chính TPHCM,https://diemthi.tuyensinh247.com/diem-chuan/dai-hoc-kinh-te-tai-chinh-tphcm-UEF.html
DFA,Trường Đại học Tài chính Quản trị kinh doanh,https://diemthi.tuyensinh247.com/diem-chuan/dai-hoc-tai-chinh-quan-tri-kinh-doanh-DFA.html
TTG,Trường Đại Học Tiền Giang,https://diemthi.tuyensinh247.com/diem-chuan/dai-hoc-tien-giang-TTG.html
DTE,Trường Đại học Kinh tế Quản trị kinh doanh Thái Nguyên,https://diemthi.tuyensinh247.com/diem-chuan/dai-hoc-kinh-te-quan-tri-kinh-doanh-thai-nguyen-DTE.html
PVU,Trường Đại Học Dầu Khí Việt Nam,https://diemthi.tuyensinh247.com/diem-chuan/dai-hoc-dau-khi-viet-nam-PVU.html
DNT,Trường Đại Học Ngoại Ngữ Tin Học TPHCM,https://diemthi.tuyensinh247.com/diem-chuan/dai-hoc-ngoai-ngu-tin-hoc-tphcm-DNT.html
SKV,Trường Đại Học Sư Phạm Kỹ Thuật Vinh,https://diemthi.tuyensinh247.com/diem-chuan/dai-hoc-su-pham-ky-thuat-vinh-SKV.html
CEA,Trường Đại học Nghệ An,https://diemthi.tuyensinh247.com/diem-chuan/dai-hoc-nghe-an-CEA.html
LNH,Trường Đại Học Lâm nghiệp,https://diemthi.tuyensinh247.com/diem-chuan/dai-hoc-lam-nghiep-LNH.html
DVH,Trường Đại Học Văn Hiến,https://diemthi.tuyensinh247.com/diem-chuan/dai-hoc-van-hien-DVH.html
DQT,Trường Đại Học Quang Trung,https://diemthi.tuyensinh247.com/diem-chuan/dai-hoc-quang-trung-DQT.html
HSU,Trường Đại Học Hoa Sen,https://diemthi.tuyensinh247.com/diem-chuan/dai-hoc-hoa-sen-HSU.html
DPT,Trường Đại Học Phan Thiết,https://diemthi.tuyensinh247.com/diem-chuan/dai-hoc-phan-thiet-DPT.html
DVP,Trường Đại Học Trưng Vương,https://diemthi.tuyensinh247.com/diem-chuan/dai-hoc-trung-vuong-DVP.html
YDD,Trường Đại Học Điều Dưỡng Nam Định,https://diemthi.tuyensinh247.com/diem-chuan/dai-hoc-dieu-duong-nam-dinh-YDD.html
THU,Trường Đại học Y khoa Tokyo Việt Nam,https://diemthi.tuyensinh247.com/diem-chuan/dai-hoc-y-khoa-tokyo-viet-nam-THU.html
DCD,Trường Đại Học Công Nghệ Đồng Nai,https://diemthi.tuyensinh247.com/diem-chuan/dai-hoc-cong-nghe-dong-nai-DCD.html
EIU,Trường Đại Học Quốc Tế Miền Đông,https://diemthi.tuyensinh247.com/diem-chuan/dai-hoc-quoc-te-mien-dong-EIU.html
DDV,Viện nghiên cứu và đào tạo Việt Anh  Đại học Đà Nẵng,https://diemthi.tuyensinh247.com/diem-chuan/vien-nghien-cuu-va-dao-tao-viet-anh-dai-hoc-da-nang-DDV.html
TDB,Trường Đại Học Thể Dục Thể Thao Bắc Ninh,https://diemthi.tuyensinh247.com/diem-chuan/dai-hoc-the-duc-the-thao-bac-ninh-TDB.html
DHE,Khoa Kỹ thuật và Công nghệ  Đại học Huế,https://diemthi.tuyensinh247.com/diem-chuan/khoa-ky-thuat-va-cong-nghe-dai-hoc-hue-DHE.html
DTB,Trường Đại Học Thái Bình,https://diemthi.tuyensinh247.com/diem-chuan/dai-hoc-thai-binh-DTB.html
HVD,Học Viện Dân Tộc,https://diemthi.tuyensinh247.com/diem-chuan/hoc-vien-dan-toc-HVD.html
DHT,Trường Đại Học Khoa Học Huế,https://diemthi.tuyensinh247.com/diem-chuan/dai-hoc-khoa-hoc-hue-DHT.html
DTZ,Trường Đại Học Khoa Học Thái Nguyên,https://diemthi.tuyensinh247.com/diem-chuan/dai-hoc-khoa-hoc-thai-nguyen-DTZ.html
HDT,Trường Đại Học Hồng Đức,https://diemthi.tuyensinh247.com/diem-chuan/dai-hoc-hong-duc-HDT.html
DNU,Trường Đại Học Đồng Nai,https://diemthi.tuyensinh247.com/diem-chuan/dai-hoc-dong-nai-DNU.html
LNS,Phân hiệu Đại Học Lâm nghiệp tại Đồng Nai,https://diemthi.tuyensinh247.com/diem-chuan/phan-hieu-dai-hoc-lam-nghiep-tai-dong-nai-LNS.html
DTM,Trường Đại học Tài Nguyên và Môi Trường TPHCM,https://diemthi.tuyensinh247.com/diem-chuan/dai-hoc-tai-nguyen-va-moi-truong-tphcm-DTM.html
NTU,Trường Đại Học Nguyễn Trãi,https://diemthi.tuyensinh247.com/diem-chuan/dai-hoc-nguyen-trai-NTU.html
CCM,Trường Đại học Công nghiệp và Thương mại Hà Nội,https://diemthi.tuyensinh247.com/diem-chuan/dai-hoc-cong-nghiep-va-thuong-mai-ha-noi-CCM.html
VUI,Trường Đại Học Công Nghiệp Việt Trì,https://diemthi.tuyensinh247.com/diem-chuan/dai-hoc-cong-nghiep-viet-tri-VUI.html
QSP,Phân hiệu Đại học Quốc gia TPHCM tại Bến Tre,https://diemthi.tuyensinh247.com/diem-chuan/phan-hieu-dai-hoc-quoc-gia-tphcm-tai-ben-tre-QSP.html
DHL,Trường Đại Học Nông Lâm Huế,https://diemthi.tuyensinh247.com/diem-chuan/dai-hoc-nong-lam-hue-DHL.html
DTQ,Khoa Quốc Tế  Đại Học Thái Nguyên,https://diemthi.tuyensinh247.com/diem-chuan/khoa-quoc-te-dai-hoc-thai-nguyen-DTQ.html
SIU,Trường Đại học Tư thục Quốc Tế Sài Gòn,https://diemthi.tuyensinh247.com/diem-chuan/dai-hoc-quoc-te-sai-gon-SIU.html
DCA,Trường Đại học Intracom,https://diemthi.tuyensinh247.com/diem-chuan/dai-hoc-chu-van-an-DCA.html
DLA,Trường Đại Học Kinh Tế Công Nghiệp Long An,https://diemthi.tuyensinh247.com/diem-chuan/dai-hoc-kinh-te-cong-nghiep-long-an-DLA.html
DBH,Trường Đại Học Quốc Tế Bắc Hà,https://diemthi.tuyensinh247.com/diem-chuan/dai-hoc-quoc-te-bac-ha-DBH.html
SKN,Trường Đại Học Sư Phạm Kỹ Thuật Nam Định,https://diemthi.tuyensinh247.com/diem-chuan/dai-hoc-su-pham-ky-thuat-nam-dinh-SKN.html
NLG,Phân hiệu Đại học Nông Lâm TPHCM tại Gia Lai,https://diemthi.tuyensinh247.com/diem-chuan/phan-hieu-dai-hoc-nong-lam-tphcm-tai-gia-lai-NLG.html
DTN,Trường Đại Học Nông Lâm Thái Nguyên,https://diemthi.tuyensinh247.com/diem-chuan/dai-hoc-nong-lam-thai-nguyen-DTN.html
UMT,Trường Đại học Quản lý và công nghệ TPHCM,https://diemthi.tuyensinh247.com/diem-chuan/dai-hoc-quan-ly-va-cong-nghe-tphcm-UMT.html
DCQ,Trường Đại Học Công Nghệ và Quản Lý Hữu Nghị,https://diemthi.tuyensinh247.com/diem-chuan/dai-hoc-cong-nghe-va-quan-ly-huu-nghi-DCQ.html
DHQ,Phân Hiệu Đại Học Huế tại Quảng Trị,https://diemthi.tuyensinh247.com/diem-chuan/phan-hieu-dai-hoc-hue-tai-quang-tri-DHQ.html
TBD,Trường Đại Học Thái Bình Dương,https://diemthi.tuyensinh247.com/diem-chuan/dai-hoc-thai-binh-duong-TBD.html
DHV,Trường Đại học Hùng Vương TPHCM,https://diemthi.tuyensinh247.com/diem-chuan/dai-hoc-hung-vuong-tphcm-DHV.html
DVB,Trường Đại Học Kinh tế công nghệ Thái Nguyên,https://diemthi.tuyensinh247.com/diem-chuan/dai-hoc-kinh-te-cong-nghe-thai-nguyen-DVB.html
DPX,Trường Đại Học Phú Xuân,https://diemthi.tuyensinh247.com/diem-chuan/dai-hoc-phu-xuan-DPX.html
HPU,Trường Đại học Quản lý và Công nghệ Hải Phòng,https://diemthi.tuyensinh247.com/diem-chuan/dai-hoc-quan-ly-va-cong-nghe-hai-phong-HPU.html
MTU,Trường Đại Học Xây Dựng Miền Tây,https://diemthi.tuyensinh247.com/diem-chuan/dai-hoc-xay-dung-mien-tay-MTU.html
VHD,Trường Đại Học Công Nghiệp Việt  Hung,https://diemthi.tuyensinh247.com/diem-chuan/dai-hoc-cong-nghiep-viet-hung-VHD.html
LNA,Phân hiệu Đại học Lâm nghiệp tỉnh Gia Lai,https://diemthi.tuyensinh247.com/diem-chuan/phan-hieu-dai-hoc-lam-nghiep-tinh-gia-lai-LNA.html
NHP,Học Viện Ngân Hàng (Phân Viện Phú Yên),https://diemthi.tuyensinh247.com/diem-chuan/hoc-vien-ngan-hang-phan-vien-phu-yen-NHP.html
UFA,Trường Đại học Tài Chính Kế Toán,https://diemthi.tuyensinh247.com/diem-chuan/-UFA.html
GDU,Trường Đại Học Gia Định,https://diemthi.tuyensinh247.com/diem-chuan/dai-hoc-gia-dinh-GDU.html
DDM,Trường Đại Học Công Nghiệp Quảng Ninh,https://diemthi.tuyensinh247.com/diem-chuan/dai-hoc-cong-nghiep-quang-ninh-DDM.html
XDT,Trường Đại Học Xây Dựng Miền Trung,https://diemthi.tuyensinh247.com/diem-chuan/dai-hoc-xay-dung-mien-trung-XDT.html
DSG,Trường Đại Học Công Nghệ Sài Gòn,https://diemthi.tuyensinh247.com/diem-chuan/dai-hoc-cong-nghe-sai-gon-DSG.html
XDN,Phân hiệu Đại học Xây dựng miền Trung tại Đà Nẵng,https://diemthi.tuyensinh247.com/diem-chuan/phan-hieu-dai-hoc-xay-dung-mien-trung-tai-da-nang-XDN.html
DBG,Trường Đại học Nông Lâm Bắc Giang,https://diemthi.tuyensinh247.com/diem-chuan/dai-hoc-nong-lam-bac-giang-DBG.html
TTB,Trường Đại Học Tây Bắc,https://diemthi.tuyensinh247.com/diem-chuan/dai-hoc-tay-bac-TTB.html
TDL,Trường Đại Học Đà Lạt,https://diemthi.tuyensinh247.com/diem-chuan/dai-hoc-da-lat-TDL.html
DTP,Phân Hiệu Đại Học Thái Nguyên Tại Lào Cai,https://diemthi.tuyensinh247.com/diem-chuan/phan-hieu-dai-hoc-thai-nguyen-tai-lao-cai-DTP.html
TQU,Trường Đại học Tân Trào,https://diemthi.tuyensinh247.com/diem-chuan/dai-hoc-tan-trao-TQU.html
TKG,Trường Đại học Kiên Giang,https://diemthi.tuyensinh247.com/diem-chuan/dai-hoc-kien-giang-TKG.html
DVD,"Trường Đại Học Văn Hóa, Thể Thao Và Du Lịch Thanh Hóa",https://diemthi.tuyensinh247.com/diem-chuan/dai-hoc-van-hoa-the-thao-va-du-lich-thanh-hoa-DVD.html
DTG,Phân hiệu Đại học Thái Nguyên tại Hà Giang,https://diemthi.tuyensinh247.com/diem-chuan/phan-hieu-dai-hoc-thai-nguyen-tai-ha-giang-DTG.html
DNB,Trường Đại Học Hoa Lư,https://diemthi.tuyensinh247.com/diem-chuan/dai-hoc-hoa-lu-DNB.html
LBS,Trường Đại học Nguyễn Huệ,https://diemthi.tuyensinh247.com/diem-chuan/dai-hoc-nguyen-hue-LBS.html
HVA,Học Viện Âm Nhạc Huế,https://diemthi.tuyensinh247.com/diem-chuan/hoc-vien-am-nhac-hue-HVA.html
NVH,Học Viện Âm Nhạc Quốc Gia Việt Nam,https://diemthi.tuyensinh247.com/diem-chuan/hoc-vien-am-nhac-quoc-gia-viet-nam-NVH.html
NVS,Nhạc Viện TPHCM,https://diemthi.tuyensinh247.com/diem-chuan/nhac-vien-tphcm-NVS.html
DVX,Trường Đại Học Công Nghệ Vạn Xuân,https://diemthi.tuyensinh247.com/diem-chuan/dai-hoc-cong-nghe-van-xuan-DVX.html
DHH,Trường Đại Học Hà Hoa Tiên,https://diemthi.tuyensinh247.com/diem-chuan/dai-hoc-ha-hoa-tien-DHH.html
MTC,Trường Đại Học Mỹ Thuật Công Nghiệp,https://diemthi.tuyensinh247.com/diem-chuan/dai-hoc-my-thuat-cong-nghiep-MTC.html
MTS,Trường Đại Học Mỹ Thuật TPHCM,https://diemthi.tuyensinh247.com/diem-chuan/dai-hoc-my-thuat-tphcm-MTS.html
MTH,Trường Đại Học Mỹ Thuật Việt Nam,https://diemthi.tuyensinh247.com/diem-chuan/dai-hoc-my-thuat-viet-nam-MTH.html
YHT,Phân hiệu Đại học Y Hà Nội tại Thanh Hóa,https://diemthi.tuyensinh247.com/diem-chuan/phan-hieu-dai-hoc-y-ha-noi-tai-thanh-hoa-YHT.html
RMU,Trường Đại Học Quốc Tế RMIT Việt Nam,https://diemthi.tuyensinh247.com/diem-chuan/dai-hoc-quoc-te-rmit-viet-nam-RMU.html
RHM,Trường Đại Học Răng – Hàm – Mặt,https://diemthi.tuyensinh247.com/diem-chuan/dai-hoc-rang-ham-mat-RHM.html
SKD,Trường Đại Học Sân Khấu Điện Ảnh Hà Nội,https://diemthi.tuyensinh247.com/diem-chuan/dai-hoc-san-khau-dien-anh-ha-noi-SKD.html
CIV,Học viện Công giáo Việt Nam,https://diemthi.tuyensinh247.com/diem-chuan/hoc-vien-cong-giao-viet-nam-CIV.html
ZNH,Trường Đại học Văn hóa Nghệ thuật Quân đội,https://diemthi.tuyensinh247.com/diem-chuan/dai-hoc-van-hoa-nghe-thuat-quan-doi-ZNH.html
LCDF,Học viện Thiết kế và Thời trang London Hà Nội,https://diemthi.tuyensinh247.com/diem-chuan/hoc-vien-thiet-ke-va-thoi-trang-london-ha-noi-LCDF.html
DNV,Trường Đại học Nội vụ Hà Nội,https://diemthi.tuyensinh247.com/diem-chuan/dai-hoc-noi-vu-ha-noi-DNV.html
VPH,Trường Sĩ Quan Kĩ Thuật Quân Sự   Hệ Quân sự  Đại Học Trần Đại Nghĩa,https://diemthi.tuyensinh247.com/diem-chuan/truong-si-quan-ki-thuat-quan-su-he-quan-su-dai-hoc-tran-dai-nghia-VPH.html
DSD,Trường Đại Học Sân Khấu Điện Ảnh TPHCM,https://diemthi.tuyensinh247.com/diem-chuan/dai-hoc-san-khau-dien-anh-tphcm-DSD.html
DDA,Trường Đại Học Công Nghệ Đông Á,https://diemthi.tuyensinh247.com/diem-chuan/dai-hoc-cong-nghe-dong-a-DDA.html
BUV,Trường Đại Học Anh Quốc Việt Nam,https://diemthi.tuyensinh247.com/diem-chuan/dai-hoc-anh-quoc-viet-nam-BUV.html
BMU,Trường Đại học Y Dược Buôn Ma Thuột,https://diemthi.tuyensinh247.com/diem-chuan/dai-hoc-y-duoc-buon-ma-thuot-BMU.html
DDG,Khoa Giáo dục thể chất Đà Nẵng,https://diemthi.tuyensinh247.com/diem-chuan/khoa-giao-duc-the-chat-da-nang-DDG.html
VKU,Trường Đại học Công nghệ Thông tin và Truyền thông Việt Hàn  Đại học Đà Nẵng,https://diemthi.tuyensinh247.com/diem-chuan/dai-hoc-cong-nghe-thong-tin-va-truyen-thong-viet-han-dai-hoc-da-nang-VKU.html
